{"mean": [60.94673879975087, 61.1032557768852, 56.83122350238761], "std": 38.15972769815662}